{
  "lang":"hi",
  "pipeline":[
    "tagger",
    "parser"
  ],
  "spacy_version":">=2.3.2",
  "speed":{
    "nwords":37736,
    "cpu":7185.6002856353,
    "gpu":null
  },
  "accuracy":{
    "tags_acc":95.6937672249,
    "token_acc":100.0,
    "las":84.0232139071,
    "uas":93.7274750901,
    "las_per_type":{
      "nmod__adj":{
        "p":86.9910941476,
        "r":89.0589384565,
        "f":88.0128720837
      },
      "k1":{
        "p":82.6907301066,
        "r":85.0991979738,
        "f":83.8776783857
      },
      "lwg__psp":{
        "p":99.4627782041,
        "r":99.5646606914,
        "f":99.5136933709
      },
      "main":{
        "p":0.0,
        "r":0.0,
        "f":0.0
      },
      "k2":{
        "p":80.7276861853,
        "r":78.8888888889,
        "f":79.797695982
      },
      "pof__cn":{
        "p":83.7469975981,
        "r":84.8681541582,
        "f":84.3038484787
      },
      "k7t":{
        "p":83.9684625493,
        "r":84.5238095238,
        "f":84.2452208306
      },
      "k7p":{
        "p":64.380952381,
        "r":69.262295082,
        "f":66.7324777887
      },
      "ccof":{
        "p":88.9509373753,
        "r":90.101010101,
        "f":89.5222802088
      },
      "r6":{
        "p":86.7612293144,
        "r":88.8189738625,
        "f":87.7780435303
      },
      "rsym":{
        "p":95.7026713124,
        "r":96.0,
        "f":95.8511050795
      },
      "root":{
        "p":0.0,
        "r":0.0,
        "f":0.0
      },
      "r6-k1":{
        "p":39.2857142857,
        "r":28.2051282051,
        "f":32.8358208955
      },
      "pof":{
        "p":84.962406015,
        "r":86.741102582,
        "f":85.8425414365
      },
      "k7":{
        "p":79.7038327526,
        "r":78.2051282051,
        "f":78.9473684211
      },
      "r6-k2":{
        "p":78.869047619,
        "r":79.3413173653,
        "f":79.1044776119
      },
      "lwg__vaux":{
        "p":97.88647343,
        "r":97.8273989137,
        "f":97.8569272563
      },
      "lwg__rp":{
        "p":96.1678832117,
        "r":96.3436928702,
        "f":96.2557077626
      },
      "jjmod":{
        "p":78.9473684211,
        "r":70.8661417323,
        "f":74.6887966805
      },
      "nmod":{
        "p":71.3147410359,
        "r":56.3779527559,
        "f":62.9727352682
      },
      "k2g":{
        "p":0.0,
        "r":0.0,
        "f":0.0
      },
      "lwg__vaux_cont":{
        "p":98.5549132948,
        "r":98.9840348331,
        "f":98.7690079652
      },
      "k2s":{
        "p":48.8372093023,
        "r":27.6315789474,
        "f":35.2941176471
      },
      "rt":{
        "p":85.3571428571,
        "r":83.8596491228,
        "f":84.6017699115
      },
      "k4":{
        "p":68.4027777778,
        "r":71.897810219,
        "f":70.1067615658
      },
      "nmod__relc":{
        "p":54.1666666667,
        "r":48.5074626866,
        "f":51.1811023622
      },
      "sent-adv":{
        "p":74.0,
        "r":86.0465116279,
        "f":79.5698924731
      },
      "lwg__neg":{
        "p":96.9026548673,
        "r":98.2062780269,
        "f":97.5501113586
      },
      "vmod":{
        "p":71.6981132075,
        "r":66.3755458515,
        "f":68.9342403628
      },
      "k2p":{
        "p":63.6363636364,
        "r":46.6666666667,
        "f":53.8461538462
      },
      "mod":{
        "p":85.8657243816,
        "r":78.3870967742,
        "f":81.9561551433
      },
      "nmod__k1inv":{
        "p":68.9189189189,
        "r":70.8333333333,
        "f":69.8630136986
      },
      "k1s":{
        "p":80.0,
        "r":71.9764011799,
        "f":75.7763975155
      },
      "nmod__k2inv":{
        "p":68.4210526316,
        "r":41.935483871,
        "f":52.0
      },
      "k5":{
        "p":53.9325842697,
        "r":65.7534246575,
        "f":59.2592592593
      },
      "k2u":{
        "p":20.0,
        "r":16.6666666667,
        "f":18.1818181818
      },
      "k1u":{
        "p":53.8461538462,
        "r":46.6666666667,
        "f":50.0
      },
      "ras-k1":{
        "p":55.6818181818,
        "r":73.1343283582,
        "f":63.2258064516
      },
      "k4a":{
        "p":54.2857142857,
        "r":51.3513513514,
        "f":52.7777777778
      },
      "nmod__emph":{
        "p":0.0,
        "r":0.0,
        "f":0.0
      },
      "dep":{
        "p":0.0,
        "r":0.0,
        "f":0.0
      },
      "rs":{
        "p":71.8120805369,
        "r":65.6441717791,
        "f":68.5897435897
      },
      "k7a":{
        "p":82.6530612245,
        "r":79.4117647059,
        "f":81.0
      },
      "adv":{
        "p":65.3658536585,
        "r":67.0,
        "f":66.1728395062
      },
      "rd":{
        "p":78.0487804878,
        "r":74.4186046512,
        "f":76.1904761905
      },
      "rh":{
        "p":68.023255814,
        "r":74.5222929936,
        "f":71.1246200608
      },
      "k3":{
        "p":47.619047619,
        "r":35.0877192982,
        "f":40.404040404
      },
      "jjmod__intf":{
        "p":81.25,
        "r":78.7878787879,
        "f":80.0
      },
      "rsp":{
        "p":42.8571428571,
        "r":42.8571428571,
        "f":42.8571428571
      },
      "pof__redup":{
        "p":90.9090909091,
        "r":74.0740740741,
        "f":81.6326530612
      },
      "rbmod__relc":{
        "p":0.0,
        "r":0.0,
        "f":0.0
      },
      "fragof":{
        "p":89.6551724138,
        "r":76.4705882353,
        "f":82.5396825397
      },
      "ras-neg":{
        "p":50.0,
        "r":28.5714285714,
        "f":36.3636363636
      },
      "ras-k2":{
        "p":14.2857142857,
        "r":6.6666666667,
        "f":9.0909090909
      },
      "undef":{
        "p":0.0,
        "r":0.0,
        "f":0.0
      },
      "rbmod":{
        "p":100.0,
        "r":100.0,
        "f":100.0
      },
      "r6v":{
        "p":0.0,
        "r":0.0,
        "f":0.0
      },
      "ras-pof":{
        "p":0.0,
        "r":0.0,
        "f":0.0
      },
      "mod__wq":{
        "p":100.0,
        "r":50.0,
        "f":66.6666666667
      },
      "rad":{
        "p":0.0,
        "r":0.0,
        "f":0.0
      }
    }
  },
  "vectors":{
    "width":0,
    "vectors":0,
    "keys":0,
    "name":"spacy_pretrained_vectors"
  },
  "name":"model0",
  "version":"0.0.0",
  "labels":{
    "tagger":[
      "CC",
      "CCC",
      "DEM",
      "INJ",
      "INTF",
      "JJ",
      "JJC",
      "NEG",
      "NN",
      "NNC",
      "NNP",
      "NNPC",
      "NST",
      "NSTC",
      "NULL",
      "PRP",
      "PRPC",
      "PSP",
      "QC",
      "QCC",
      "QF",
      "QFC",
      "QO",
      "RB",
      "RBC",
      "RDP",
      "RP",
      "SYM",
      "UNK",
      "VAUX",
      "VM",
      "WQ",
      "_SP"
    ],
    "parser":[
      "ROOT",
      "adv",
      "ccof",
      "dep",
      "fragof",
      "jjmod",
      "jjmod__intf",
      "k1",
      "k1s",
      "k1u",
      "k2",
      "k2g",
      "k2p",
      "k2s",
      "k2u",
      "k3",
      "k4",
      "k4a",
      "k5",
      "k7",
      "k7a",
      "k7p",
      "k7t",
      "lwg__neg",
      "lwg__psp",
      "lwg__rp",
      "lwg__vaux",
      "lwg__vaux_cont",
      "main",
      "mod",
      "mod__wq",
      "nmod",
      "nmod__adj",
      "nmod__k1inv",
      "nmod__k2inv",
      "nmod__relc",
      "pof",
      "pof__cn",
      "pof__redup",
      "r6",
      "ras",
      "rbmod",
      "rd",
      "rh",
      "rs",
      "rsp",
      "rsym",
      "rt",
      "sent",
      "vmod"
    ]
  }
}